name,platform,profile_url,followers,engagement_rate,niche,content_themes,email,website,instagram_url,youtube_url,audience_age,audience_gender,audience_geography,qualification_status,qualification_reason,outreach_status
Andrej Karpathy,YouTube,https://www.youtube.com/channel/UCXUPKJO5MZQN11PqgIvyuvQ,1700000,119.64,Technology/AI,Technology,Not Found,,,https://www.youtube.com/channel/UCXUPKJO5MZQN11PqgIvyuvQ,,,US,DISQUALIFIED,"  ✗ Above maximum followers: 1,700,000 > 100,000
  ✓ Engagement rate: 119.6% ≥ 2.0%
  ✓ High content relevance (score: 3/10)
  ~ Contact email not found",PENDING
Krish Naik,YouTube,https://www.youtube.com/channel/UCNU_lfiiWBdtULKOw6X0Dig,1510000,4.43,Technology/AI,"AI/ML, Data Science, Tech Reviews, Tutorials",krishnaik06@gmail.com,,,https://www.youtube.com/channel/UCNU_lfiiWBdtULKOw6X0Dig,,,IN,DISQUALIFIED,"  ✗ Above maximum followers: 1,510,000 > 100,000
  ✓ Engagement rate: 4.4% ≥ 2.0%
  ✓ High content relevance (score: 10/10)
  ✓ Contact email available: krishnaik06@gmail.com",PENDING
Nate Herk | AI Automation,YouTube,https://www.youtube.com/channel/UC2ojq-nuP8ceeHqiroeKhBA,1030000,10.43,Technology/AI,"AI/ML, Tutorials, Automation, Career/Education",Not Found,,,https://www.youtube.com/channel/UC2ojq-nuP8ceeHqiroeKhBA,,,,DISQUALIFIED,"  ✗ Above maximum followers: 1,030,000 > 100,000
  ✓ Engagement rate: 10.4% ≥ 2.0%
  ✓ High content relevance (score: 7/10)
  ~ Contact email not found",PENDING
Learn AI with Skill Course,YouTube,https://www.youtube.com/channel/UCKU3N68Fo2B0RBL8LrqGeUA,631000,38.48,Technology/AI,"AI/ML, Tech Reviews, Tutorials, Career/Education",info@satishdhawale.com,https://www.linkedin.com/in/satish-dhawale/,https://instagram.com/ENCE,https://www.youtube.com/channel/UCKU3N68Fo2B0RBL8LrqGeUA,,,IN,DISQUALIFIED,"  ✗ Above maximum followers: 631,000 > 100,000
  ✓ Engagement rate: 38.5% ≥ 2.0%
  ✓ High content relevance (score: 7/10)
  ✓ Contact email available: info@satishdhawale.com",PENDING
AI Foundations,YouTube,https://www.youtube.com/channel/UCWZwfV3ICOt3uEPpW6hYK4g,367000,22.42,Technology/AI,"AI/ML, Tutorials",Not Found,,,https://www.youtube.com/channel/UCWZwfV3ICOt3uEPpW6hYK4g,,,US,DISQUALIFIED,"  ✗ Above maximum followers: 367,000 > 100,000
  ✓ Engagement rate: 22.4% ≥ 2.0%
  ✓ High content relevance (score: 5/10)
  ~ Contact email not found",PENDING
Learn AI with Ritika,YouTube,https://www.youtube.com/channel/UC4zyMdFPl2uOPQLfY2p3xrQ,347000,52.45,Technology/AI,"AI/ML, Tutorials, Career/Education",Not Found,,,https://www.youtube.com/channel/UC4zyMdFPl2uOPQLfY2p3xrQ,,,IN,DISQUALIFIED,"  ✗ Above maximum followers: 347,000 > 100,000
  ✓ Engagement rate: 52.5% ≥ 2.0%
  ✓ High content relevance (score: 7/10)
  ~ Contact email not found",PENDING
AI Master,YouTube,https://www.youtube.com/channel/UC0yHbz4OxdQFwmVX2BBQqLg,331000,19.37,Technology/AI,AI/ML,Not Found,,,https://www.youtube.com/channel/UC0yHbz4OxdQFwmVX2BBQqLg,,,US,DISQUALIFIED,"  ✗ Above maximum followers: 331,000 > 100,000
  ✓ Engagement rate: 19.4% ≥ 2.0%
  ✓ High content relevance (score: 3/10)
  ~ Contact email not found",PENDING
AI News & Strategy Daily | Nate B Jones,YouTube,https://www.youtube.com/channel/UC0C-17n9iuUQPylguM1d-lQ,324000,7.35,Technology/AI,"AI/ML, Programming, Tutorials, Automation",Not Found,https://natesnewsletter.substack.com/,https://instagram.com/uring,https://www.youtube.com/channel/UC0C-17n9iuUQPylguM1d-lQ,,,,DISQUALIFIED,"  ✗ Above maximum followers: 324,000 > 100,000
  ✓ Engagement rate: 7.3% ≥ 2.0%
  ✓ High content relevance (score: 7/10)
  ~ Contact email not found",PENDING
Ben AI,YouTube,https://www.youtube.com/channel/UC3KK7ENB_ierAXvrxVNnbZQ,248000,21.74,Technology/AI,"AI/ML, Tech Reviews, Tutorials, Automation",Not Found,,,https://www.youtube.com/channel/UC3KK7ENB_ierAXvrxVNnbZQ,,,BR,DISQUALIFIED,"  ✗ Above maximum followers: 248,000 > 100,000
  ✓ Engagement rate: 21.7% ≥ 2.0%
  ✓ High content relevance (score: 10/10)
  ~ Contact email not found",PENDING
Venkata Reddy AI Classes,YouTube,https://www.youtube.com/channel/UClGknwbtv3sRsVaHmssa2mg,134000,2.49,Technology/AI,"AI/ML, Programming, Data Science, Tech Reviews",Not Found,,,https://www.youtube.com/channel/UClGknwbtv3sRsVaHmssa2mg,,,IN,DISQUALIFIED,"  ✗ Above maximum followers: 134,000 > 100,000
  ✓ Engagement rate: 2.5% ≥ 2.0%
  ✓ High content relevance (score: 10/10)
  ~ Contact email not found",PENDING
The AI Hustle,YouTube,https://www.youtube.com/channel/UCx81sVOVRWt0eD1c_C9KApg,78700,35.71,Technology/AI,"AI/ML, Programming, Tech Reviews, Tutorials",Colabaihustle@gmail.com,,https://instagram.com/ence,https://www.youtube.com/channel/UCx81sVOVRWt0eD1c_C9KApg,18-34,"Male-leaning, Growing Female",US,QUALIFIED,"  ✓ Follower count in range: 78,700 (5K–100K)
  ✓ Engagement rate: 35.7% ≥ 2.0%
  ✓ High content relevance (score: 10/10)
  ✓ Contact email available: Colabaihustle@gmail.com",SENT
AI Automation Labs,YouTube,https://www.youtube.com/channel/UC7epYXoxGQlErIpBOYoCj9A,57000,118.82,Technology/AI,"AI/ML, Tutorials, Web Development",Not Found,,https://instagram.com/ence,https://www.youtube.com/channel/UC7epYXoxGQlErIpBOYoCj9A,18-34,"Male-leaning, Growing Female",IN,QUALIFIED,"  ✓ Follower count in range: 57,000 (5K–100K)
  ✓ Engagement rate: 118.8% ≥ 2.0%
  ✓ High content relevance (score: 10/10)
  ~ Contact email not found",PENDING
ManuAGI - AutoGPT Tutorials,YouTube,https://www.youtube.com/channel/UC1weYqfDgX0ALlNOSzcyblQ,42500,7.6,Technology/AI,"AI/ML, Tech Reviews, Tutorials",chatteach01@gmail.com,https://fas.st/t/qBvXFPU9,https://instagram.com/ence,https://www.youtube.com/channel/UC1weYqfDgX0ALlNOSzcyblQ,18-34,"Male-leaning, Growing Female",IN,QUALIFIED,"  ✓ Follower count in range: 42,500 (5K–100K)
  ✓ Engagement rate: 7.6% ≥ 2.0%
  ✓ High content relevance (score: 10/10)
  ✓ Contact email available: chatteach01@gmail.com",SENT
AI Sciences,YouTube,https://www.youtube.com/channel/UC8kFF39hsRrFfHM6-7A6APQ,37200,12.74,Technology/AI,"AI/ML, Data Science, Tech Reviews, Tutorials",Not Found,,https://instagram.com/ence,https://www.youtube.com/channel/UC8kFF39hsRrFfHM6-7A6APQ,18-34,"Male-leaning, Growing Female",US,QUALIFIED,"  ✓ Follower count in range: 37,200 (5K–100K)
  ✓ Engagement rate: 12.7% ≥ 2.0%
  ✓ High content relevance (score: 10/10)
  ~ Contact email not found",PENDING
AI Tool Journey,YouTube,https://www.youtube.com/channel/UC3KcK9HCFq_1ysmpWi1c8nQ,26300,356.79,Technology/AI,"AI/ML, Programming, Tech Reviews, Tutorials",Not Found,,https://instagram.com/ence,https://www.youtube.com/channel/UC3KcK9HCFq_1ysmpWi1c8nQ,18-34,"Male-leaning, Growing Female",,QUALIFIED,"  ✓ Follower count in range: 26,300 (5K–100K)
  ✓ Engagement rate: 356.8% ≥ 2.0%
  ✓ High content relevance (score: 10/10)
  ~ Contact email not found",PENDING
OPPS AI,YouTube,https://www.youtube.com/channel/UC592EYCIZXAPZzHc1TkqxSg,13200,46.11,Technology/AI,"AI/ML, Tech Reviews, Tutorials, Automation",Not Found,,https://instagram.com/ence,https://www.youtube.com/channel/UC592EYCIZXAPZzHc1TkqxSg,18-34,"Male-leaning, Growing Female",GH,QUALIFIED,"  ✓ Follower count in range: 13,200 (5K–100K)
  ✓ Engagement rate: 46.1% ≥ 2.0%
  ✓ High content relevance (score: 10/10)
  ~ Contact email not found",PENDING
Julijetek AI Tutorials,YouTube,https://www.youtube.com/channel/UCiPkehyT7PVrLvcm4LL3FXQ,11200,16.8,Technology/AI,"AI/ML, Tech Reviews, Tutorials, Automation",Not Found,,https://instagram.com/ence,https://www.youtube.com/channel/UCiPkehyT7PVrLvcm4LL3FXQ,18-34,"Male-leaning, Growing Female",NG,QUALIFIED,"  ✓ Follower count in range: 11,200 (5K–100K)
  ✓ Engagement rate: 16.8% ≥ 2.0%
  ✓ High content relevance (score: 10/10)
  ~ Contact email not found",PENDING
The AI Doctor,YouTube,https://www.youtube.com/channel/UCOYyyRVfolE4XhnxRg1Zxow,10600,19.85,Technology/AI,"AI/ML, Tutorials, Career/Education",Not Found,,https://instagram.com/ence,https://www.youtube.com/channel/UCOYyyRVfolE4XhnxRg1Zxow,18-34,"Male-leaning, Growing Female",AE,QUALIFIED,"  ✓ Follower count in range: 10,600 (5K–100K)
  ✓ Engagement rate: 19.9% ≥ 2.0%
  ✓ High content relevance (score: 7/10)
  ~ Contact email not found",PENDING
AI Mastery Tutorial,YouTube,https://www.youtube.com/channel/UClsHhopJHYiKDHsL7AZ5khw,7280,38.21,Technology/AI,"AI/ML, Tutorials, Automation, Career/Education",aimasterytutorial@gmail.com,,https://instagram.com/ence,https://www.youtube.com/channel/UClsHhopJHYiKDHsL7AZ5khw,18-34,"Male-leaning, Growing Female",NG,QUALIFIED,"  ✓ Follower count in range: 7,280 (5K–100K)
  ✓ Engagement rate: 38.2% ≥ 2.0%
  ✓ High content relevance (score: 7/10)
  ✓ Contact email available: aimasterytutorial@gmail.com",SENT
AI for Basic People,YouTube,https://www.youtube.com/channel/UCfd8i4HWHsSuF7IjdSH38Rw,3400,16.12,Technology/AI,"AI/ML, Tech Reviews, Tutorials, Automation",Not Found,,https://instagram.com/ence,https://www.youtube.com/channel/UCfd8i4HWHsSuF7IjdSH38Rw,,,CA,DISQUALIFIED,"  ✗ Below minimum followers: 3,400 < 5,000
  ✓ Engagement rate: 16.1% ≥ 2.0%
  ✓ High content relevance (score: 10/10)
  ~ Contact email not found",PENDING
Nextgen Ai Tutorial,YouTube,https://www.youtube.com/channel/UCZ20lMTeiAxDR1eTi3G01ww,60,281.67,Technology/AI,"AI/ML, Tutorials, Automation",Not Found,,https://instagram.com/ence.,https://www.youtube.com/channel/UCZ20lMTeiAxDR1eTi3G01ww,,,US,DISQUALIFIED,"  ✗ Below minimum followers: 60 < 5,000
  ✓ Engagement rate: 281.7% ≥ 2.0%
  ✓ High content relevance (score: 10/10)
  ~ Contact email not found",PENDING
Maya Ai Tutorial,YouTube,https://www.youtube.com/channel/UC2-XVkAJxtsK5HFxJPVrVIQ,23,604.35,Technology/AI,Technology,Not Found,,,https://www.youtube.com/channel/UC2-XVkAJxtsK5HFxJPVrVIQ,,,IN,DISQUALIFIED,"  ✗ Below minimum followers: 23 < 5,000
  ✓ Engagement rate: 604.4% ≥ 2.0%
  ✓ High content relevance (score: 7/10)
  ~ Contact email not found",PENDING
Artificial Intelligence Tutorial,YouTube,https://www.youtube.com/channel/UCviddWaIOKXNq_cOpC5EaMA,12,300.0,Technology/AI,Technology,Not Found,,,https://www.youtube.com/channel/UCviddWaIOKXNq_cOpC5EaMA,,,,DISQUALIFIED,"  ✗ Below minimum followers: 12 < 5,000
  ✓ Engagement rate: 300.0% ≥ 2.0%
  ✓ High content relevance (score: 7/10)
  ~ Contact email not found",PENDING
Ai Tutorial,YouTube,https://www.youtube.com/channel/UCWqAh5PkPr0S49N0Hy76_FA,3,400.0,Technology/AI,"AI/ML, Tech Reviews, Tutorials",Not Found,https://www.youtube.com/@AiTutorial369/about,https://instagram.com/ence.,https://www.youtube.com/channel/UCWqAh5PkPr0S49N0Hy76_FA,,,IN,DISQUALIFIED,"  ✗ Below minimum followers: 3 < 5,000
  ✓ Engagement rate: 400.0% ≥ 2.0%
  ✓ High content relevance (score: 7/10)
  ~ Contact email not found",PENDING
